latitude	longitude	depth	time	chl	fe	no3	nppv	o2	ph	phyc	po4	si	spco2	query_id
36.75	-10.5	9.82275	2009-09-01	0.09784998	0.00056505617	0.00446348	1.2682053	221.64989	8.024897	1.5139805	0.0031138503	1.0837408	41.956173	TARA_003_d9
36.5	-6.5	41.18002	2009-09-01	0.57592064	0.0014609667	3.8336768	10.392266	232.80954	8.043791	1.7450526	0.3568463	2.956569	43.462902	TARA_004_d40
36.5	-6.5	9.82275	2009-09-01	0.21148103	0.002481382	0.022514647	7.167699	222.2707	8.007508	2.2453637	0.009549343	1.278126	43.462902	TARA_004_d9
36.0	-4.5	69.02168	2009-10-01	0.2943108	0.000480764	2.8534534	1.8262069	232.35071	8.061741	0.7992281	0.21886282	1.8923179	41.723934	TARA_005_d68
36.0	-4.5	9.82275	2009-10-01	0.117544524	0.0016169824	0.030487467	2.2633615	223.89598	8.025432	1.4484186	0.0008594621	1.154375	41.723934	TARA_005_d9
36.5	-4.25	35.7402	2009-10-01	0.29933727	0.00057274086	0.1353253	7.859019	255.5234	8.0680685	1.3321897	0.0359645	1.2948242	41.48447	TARA_006_d35
36.5	-4.25	9.82275	2009-10-01	0.12145892	0.0020268925	0.04185677	2.211662	223.51451	8.027377	1.4910253	0.0005817734	1.1697206	41.48447	TARA_006_d9
37.0	2.0	41.18002	2009-10-01	0.13881402	0.0008240324	0.0034034166	2.2796428	257.79953	8.070635	0.8903431	0.02528254	1.3303269	41.51764	TARA_007_d42
37.0	2.0	9.82275	2009-10-01	0.09520193	0.00240552	0.018190127	1.3117445	220.04648	8.027579	1.3601228	0.0009449372	1.1422745	41.51764	TARA_007_d9
38.0	4.0	41.18002	2009-10-01	0.05212602	0.0010058393	0.00084297877	0.22155483	246.04521	8.047337	0.7398925	0.01574218	1.2430212	41.905014	TARA_008_d41
38.0	4.0	47.21189	2009-10-01	0.045251466	0.0008357548	0.0002030986	0.1411329	254.0972	8.063884	0.58957434	0.020792285	1.2626793	41.905014	TARA_008_d45
38.0	4.0	9.82275	2009-10-01	0.08761594	0.0013970182	0.07195894	1.036447	217.27686	8.028592	1.29925	0.0006075085	1.2452751	41.905014	TARA_008_d9
39.0	5.75	53.85064	2009-10-01	0.05076566	0.00076463417	0.0038843653	0.25123605	256.06625	8.076433	0.5901111	0.014181058	1.2965264	41.40439	TARA_009_d55
39.0	5.75	61.11284	2009-10-01	0.058777887	0.0005855948	0.0005211357	0.28149775	258.73538	8.090271	0.5735381	0.016212711	1.310652	41.40439	TARA_009_d60
39.0	5.75	9.82275	2009-10-01	0.08287855	0.0014281897	0.23936404	0.90784323	218.14937	8.0372715	1.2000719	7.043053e-05	1.3232783	41.40439	TARA_009_d9
40.75	2.75	108.0303	2009-10-01	0.21253608	0.0006914612	3.6764548	0.32368648	221.87521	8.092482	0.5574923	0.2362725	1.6788396	39.616238	TARA_010_d110
40.75	2.75	69.02168	2009-10-01	0.37996963	0.0003256291	1.0550392	4.5533695	248.12704	8.11277	1.1453449	0.07104838	1.5233282	39.616238	TARA_010_d70
40.75	2.75	9.82275	2009-10-01	0.10540995	0.0017042599	0.097048886	1.3748589	220.71355	8.046184	1.3922609	0.00013959991	1.1871067	39.616238	TARA_010_d9
41.75	3.0	9.82275	2009-10-01	0.16082187	0.004848703	1.0887465	3.671584	224.32419	8.058338	1.6755295	0.0003232702	2.1949472	40.580536	TARA_011_d9
43.25	8.0	5.140361	2009-10-01	0.07643217	0.0014515226	0.7877148	0.75867474	222.40005	8.046889	1.1694498	7.097577e-05	1.4744399	40.83741	TARA_012_d5
43.25	8.0	47.21189	2009-10-01	0.04109326	0.0006660926	0.00032160178	0.12255363	259.05328	8.090192	0.53404933	0.008143134	1.3590509	40.83741	TARA_012_d50
40.0	12.75	5.140361	2009-11-01	0.0923928	0.0012055299	0.23883358	0.9635705	231.84604	8.087238	1.1049492	0.000119734934	1.5772939	36.38615	TARA_014_d5
37.5	15.5	5.140361	2009-11-01	0.08611818	0.002482497	0.12609002	1.0207578	221.57498	8.0966	1.0354209	0.00010627594	1.6825092	36.977787	TARA_016_d5
37.5	15.5	61.11284	2009-11-01	0.0372425	0.0009748789	0.00044620715	0.12760836	246.25008	8.123074	0.46103117	0.01652097	1.4950393	36.977787	TARA_016_d65
36.25	14.25	5.140361	2009-11-01	0.09130589	0.0018707622	0.021371901	1.0961399	225.17787	8.096228	1.1595476	0.00071415736	1.605102	36.808434	TARA_017_d5
36.25	14.25	86.92943	2009-11-01	0.36871427	0.001043171	2.871415	1.8659085	210.63515	8.103933	0.974876	0.22971198	2.6209455	36.808434	TARA_017_d90
35.75	14.25	5.140361	2009-11-01	0.09495165	0.0022744986	0.029083356	1.1536986	225.81604	8.097622	1.2101943	0.00025162156	1.5923468	36.530144	TARA_018_d5
35.75	14.25	61.11284	2009-11-01	0.37393808	0.0006282493	0.2762679	4.706071	243.14798	8.132683	1.2639905	0.04115779	1.7506549	36.530144	TARA_018_d60
35.75	14.25	77.61116	2009-11-01	0.3335724	0.00070050906	1.1173114	1.9850992	233.76309	8.129337	0.92822826	0.09584904	1.8668783	36.530144	TARA_018_d80
34.25	13.75	5.140361	2009-11-01	0.062993504	0.001227536	0.0041924897	0.6240759	218.96921	8.05728	0.9817283	0.0028687355	1.5406348	39.584793	TARA_019_d5
34.25	13.75	47.21189	2009-11-01	0.0497452	0.0011547824	0.0012567831	0.20355512	229.55305	8.054846	0.7788324	0.008541804	1.508783	39.584793	TARA_019_d50
34.5	15.0	5.140361	2009-11-01	0.08698754	0.0012212971	0.013186688	1.2068679	222.503	8.065166	1.153549	0.0011583404	1.5500025	38.806847	TARA_020_d5
37.5	17.25	244.8906	2009-11-01	0.014752242	0.0008140551	3.986667	0.000609635	202.93512	8.103534	0.042649146	0.25467256	2.6833973	37.091503	TARA_021_d250
37.5	17.25	5.140361	2009-11-01	0.07308684	0.0010622852	0.008574781	0.7951896	225.226	8.089584	0.9745297	0.0019723645	1.5399768	37.091503	TARA_021_d5
39.75	17.5	30.87456	2009-12-01	0.13291986	0.0014476802	0.08897515	1.8581039	230.46208	8.128987	0.911296	0.0005048981	2.3118324	33.91901	TARA_022_d30
39.75	17.5	5.140361	2009-12-01	0.13276327	0.0014506886	0.09104174	1.804468	230.50346	8.129763	0.9120758	0.00047102108	2.3141317	33.91901	TARA_022_d5
39.75	17.5	61.11284	2009-12-01	0.13866511	0.0013051457	0.049389213	1.5486231	234.05911	8.127966	0.8623373	0.0031961326	2.1655188	33.91901	TARA_022_d60
42.25	17.75	5.140361	2009-12-01	0.15912116	0.0014205839	0.40791157	1.9069121	235.0727	8.141191	0.9465043	0.00065399276	5.3279653	33.528263	TARA_023_d5
42.25	17.75	47.21189	2009-12-01	0.15978734	0.0014166455	0.40157634	1.9819385	235.07436	8.139878	0.943631	0.00075316464	5.3112154	33.528263	TARA_023_d50
42.25	17.75	53.85064	2009-12-01	0.16823512	0.0013830948	0.3500147	1.9436513	236.22481	8.138496	0.9423643	0.0012428062	5.131196	33.528263	TARA_023_d55
42.5	18.0	5.140361	2009-12-01	0.2826331	0.0042658243	0.4302631	4.395904	232.64606	8.12371	1.0743449	0.0051296814	3.82843	35.607456	TARA_024_d5
39.25	19.5	5.140361	2009-12-01	0.097730614	0.0010733332	0.016667007	1.2115042	232.02382	8.128941	0.8486461	0.0033375213	1.825168	33.729557	TARA_025_d5
39.25	19.5	47.21189	2009-12-01	0.097108774	0.0010671568	0.014217354	0.97760385	232.02402	8.127579	0.8422195	0.003474244	1.8224456	33.729557	TARA_025_d50
38.5	20.25	5.140361	2009-12-01	0.07188923	0.0013539962	0.0124128545	0.7500404	230.68819	8.125669	0.7709565	0.0070654345	1.8421031	33.968693	TARA_026_d5
34.0	32.75	5.140361	2009-12-01	0.058532983	0.00097654515	0.008176207	0.5922326	224.90224	8.092997	0.77669436	0.006443793	1.7641723	36.711384	TARA_030_d5
34.0	32.75	69.02168	2009-12-01	0.041670904	0.00085192965	0.001306028	0.1694458	236.69135	8.096568	0.49236587	0.019587317	1.6964349	36.711384	TARA_030_d70
27.25	34.75	5.140361	2010-01-01	0.07185067	0.0014057014	0.0027385792	1.0362251	206.59653	8.125181	0.79051566	0.006245586	1.5807104	32.16839	TARA_031_d5
23.5	37.25	5.140361	2010-01-01	0.07256414	0.001599254	0.0013775249	1.3176715	203.43767	8.107734	0.97496545	0.003476011	1.6606495	33.407486	TARA_032_d5
23.5	37.25	77.61116	2010-01-01	0.075202376	0.0008099135	0.00021351973	0.83003175	207.95117	8.104857	0.6386915	0.015180643	1.5412686	33.407486	TARA_032_d80
22.0	38.25	5.140361	2010-01-01	0.074507035	0.001314022	0.0014424801	1.6086437	200.73589	8.0925255	0.9578218	0.0034900645	1.6829815	34.647316	TARA_033_d5
18.5	40.0	5.140361	2010-02-01	0.13620484	0.0012762919	0.0026444294	5.119683	201.32231	8.067315	1.2241677	0.054309476	2.0015614	37.16886	TARA_034_d5
18.5	40.0	61.11284	2010-02-01	0.25005034	0.0012604997	0.008241921	6.9838114	200.62791	8.068121	1.1085845	0.053455833	1.9521383	37.16886	TARA_034_d60
20.75	63.5	16.52532	2010-03-01	0.13137735	0.00016849312	0.0007183434	4.5006914	212.88051	8.065493	1.2859931	0.2713939	1.0046091	37.732136	TARA_036_d17
20.75	63.5	19.4298	2010-03-01	0.1370773	0.00016658439	0.0005251162	4.742547	213.03117	8.067385	1.2380252	0.27453455	1.0048919	37.732136	TARA_036_d20
20.75	63.5	5.140361	2010-03-01	0.13924435	0.00017852883	0.004455591	5.433697	211.7157	8.062201	1.4747639	0.26155663	1.0111058	37.732136	TARA_036_d5
20.75	63.5	628.026	2010-03-01	0.00280238	0.00068954425	16.90032	0.0	1.0002183	7.643545	0.012842115	2.8675005	51.47475	37.732136	TARA_037_d600
19.0	64.5	26.5583	2010-03-01	0.13790742	0.00022182231	4.0549476e-05	4.718267	210.90088	8.063533	1.1727928	0.27081624	1.1131989	38.203777	TARA_038_d25
19.0	64.5	333.8628	2010-03-01	0.0058700214	0.00069371256	14.868358	0.0	1.002452	7.646935	0.016915638	2.6282437	34.392456	38.203777	TARA_038_d340
19.0	64.5	5.140361	2010-03-01	0.12756374	0.00024045123	0.0039560986	4.6551924	210.1435	8.057107	1.4361581	0.2563353	1.1351652	38.203777	TARA_038_d5
18.75	66.5	1.555855	2010-04-01	0.12697154	0.0007111227	0.0051534367	4.878726	201.21655	8.061832	1.7167605	0.013080782	1.4041919	37.34623	TARA_039_d2
18.75	66.5	26.5583	2010-04-01	0.08823537	0.0006712567	7.559693e-06	2.1198733	205.13115	8.062693	1.1396568	0.04676444	1.3889877	37.34623	TARA_039_d25
18.75	66.5	271.3564	2010-04-01	0.018357528	0.00069336785	14.089707	0.00021165951	1.1444136	7.66931	0.040424235	2.4866235	28.670471	37.34623	TARA_039_d270
18.75	66.5	5.140361	2010-04-01	0.12677224	0.00071010686	0.0039144848	4.548907	201.26797	8.061741	1.7146074	0.013112074	1.4040451	37.34623	TARA_039_d5
17.5	68.0	108.0303	2010-04-01	0.29747376	0.00031852454	3.4834769	1.7749896	166.02333	8.016354	0.7695823	0.5753599	1.9960375	38.61777	TARA_040_d105
17.5	68.0	26.5583	2010-04-01	0.08405502	0.00069628743	9.239144e-06	1.7854433	205.59152	8.056352	1.1520796	0.078256175	1.3842036	38.61777	TARA_040_d25
17.5	68.0	5.140361	2010-04-01	0.12741596	0.0007175992	0.0041820337	4.2270236	201.43422	8.052583	1.8196528	0.053616	1.392899	38.61777	TARA_040_d5
17.5	68.0	47.21189	2010-04-01	0.08997699	0.0006543865	1.3538228e-05	1.9387324	205.79282	8.072165	0.9014708	0.102584995	1.3800405	38.61777	TARA_040_d50
17.5	68.0	77.61116	2010-04-01	0.3438307	0.00036121014	0.049526166	9.570781	204.81105	8.069843	1.1408069	0.17354037	1.4089954	38.61777	TARA_040_d75
14.5	70.0	5.140361	2010-04-01	0.09997975	0.0008795452	0.05724962	2.0720441	198.68619	8.044825	1.5145627	6.5308384e-05	1.51127	38.620876	TARA_041_d5
14.5	70.0	61.11284	2010-04-01	0.13714136	0.00041907982	0.0003481241	4.3080754	200.96175	8.046279	0.8743507	0.098081596	1.3129052	38.620876	TARA_041_d60
14.5	70.0	69.02168	2010-04-01	0.21349514	0.00032171994	0.0102890115	7.278201	200.59772	8.042462	0.9718653	0.14046095	1.3772014	38.620876	TARA_041_d70
6.0	74.0	5.140361	2010-04-01	0.085824184	0.0006329973	0.0627217	1.5143352	197.72543	8.027155	1.3901405	5.027446e-05	1.8202792	39.720966	TARA_042_d5
6.0	74.0	77.61116	2010-04-01	0.43081066	0.00025689774	1.3931026	14.0832	188.05272	8.01062	1.2090899	0.25858405	1.884102	39.720966	TARA_042_d80
4.75	73.5	5.140361	2010-04-01	0.083333574	0.0009117776	0.0048988997	1.5541462	198.4788	8.031665	1.3479601	0.00011991718	2.3578975	38.934967	TARA_043_d5
1.0	71.75	5.140361	2010-04-01	0.09311344	0.00012806673	0.0012400852	2.5593672	199.55872	8.023346	1.207156	0.008080823	1.586065	39.952904	TARA_045_d5
-0.75	73.25	5.140361	2010-04-01	0.08719126	0.00021852335	0.0009786162	2.1141727	198.0445	8.024948	1.1916915	0.0014427614	1.5108837	39.913998	TARA_046_d5
-2.0	72.25	5.140361	2010-05-01	0.084254205	0.00028135948	0.0009278212	1.8290607	198.63976	8.027286	1.2705762	0.0031296473	1.5468724	39.869434	TARA_047_d5
-2.0	72.25	53.85064	2010-05-01	0.23669024	3.5705114e-05	0.88834953	8.460686	206.37738	8.030269	1.1164638	0.1613985	1.829795	39.869434	TARA_047_d55
-9.5	66.25	5.140361	2010-05-01	0.09512072	0.00018318754	0.0013456496	2.3464363	200.84709	8.046287	1.1496931	0.011894524	1.6758792	37.521458	TARA_048_d5
-16.75	59.5	5.140361	2010-05-01	0.07909201	0.0005189481	0.00036603736	1.2820812	203.03029	8.060908	1.2140853	0.0036586472	1.916891	36.15871	TARA_049_d5
-21.5	56.75	120.0	2010-05-01	0.31672955	0.00014421085	0.6237556	2.4721653	214.62294	8.086568	0.8801721	0.08140921	1.7514114	36.323208	TARA_050_d120
-21.5	56.75	5.140361	2010-05-01	0.06981151	0.00038495057	0.0003523388	0.9859402	205.49832	8.064036	1.1148612	0.0024445194	1.8777494	36.323208	TARA_050_d5
-21.5	54.25	5.140361	2010-05-01	0.07013303	0.00047432727	0.00039279813	1.0497861	205.21141	8.059911	1.1101956	0.002637399	1.9740179	36.832584	TARA_051_d5
-21.5	54.25	77.61116	2010-05-01	0.04853271	0.0001367706	0.000117244555	0.33170775	219.45099	8.081951	0.548083	0.022433808	1.8788067	36.832584	TARA_051_d80
-21.5	54.25	86.92943	2010-05-01	0.056726217	9.653657e-05	0.00023064666	0.38583514	219.71129	8.086821	0.54919857	0.025048861	1.8400205	36.832584	TARA_051_d85
-17.0	53.5	5.140361	2010-06-01	0.06628109	0.00025866556	0.00043987075	1.0388739	204.97017	8.072232	0.9700689	0.0055363867	1.9979763	35.047607	TARA_052_d5
-17.0	53.5	69.02168	2010-06-01	0.06905983	0.00021335437	0.00011356006	0.89123577	211.968	8.0597	0.68615043	0.022598825	1.9085723	35.047607	TARA_052_d70
-17.0	53.5	77.61116	2010-06-01	0.08584851	0.00013176288	0.000509756	1.0931076	215.91452	8.064568	0.6784524	0.031712055	1.9332813	35.047607	TARA_052_d75
-13.0	47.0	5.140361	2010-06-01	0.07380616	0.00072797044	0.0010006663	1.4843713	203.32985	8.052151	1.0747764	0.0047082272	2.0250142	37.19868	TARA_053_d5
-12.75	45.25	5.140361	2010-06-01	0.07454243	0.000549529	0.0009868231	1.4538877	203.80472	8.056622	1.0490094	0.006492062	1.9396193	36.741203	TARA_054_d5
-15.25	43.25	1045.854	2010-07-01	0.0027950837	0.00068141165	36.1293	0.0	95.87558	7.7494802	0.0128108	2.6333313	80.09389	35.47319	TARA_056_d1000
-15.25	43.25	5.140361	2010-07-01	0.10617014	0.00030576103	0.0015028073	2.8301642	207.4292	8.0715475	1.03364	0.019248696	1.8743142	35.47319	TARA_056_d5
-17.0	42.75	5.140361	2010-07-01	0.10546593	0.0010343837	0.0019053152	3.2491632	206.29396	8.071952	1.0731517	0.0032240523	2.9036522	35.43461	TARA_057_d5
-17.5	42.25	5.140361	2010-07-01	0.0741402	0.0006972905	0.0017966666	1.501581	206.67328	8.074344	1.0055245	0.00397361	2.3082764	35.22141	TARA_058_d5
-17.5	42.25	69.02168	2010-07-01	0.08736817	0.00024740314	0.00040446653	1.2665972	215.85477	8.0673	0.71808034	0.029502552	1.9935288	35.22141	TARA_058_d66
-17.5	42.25	69.02168	2010-07-01	0.08736817	0.00024740314	0.00040446653	1.2665972	215.85477	8.0673	0.71808034	0.029502552	1.9935288	35.22141	TARA_058_d70
-22.25	40.25	5.140361	2010-07-01	0.08060335	0.0005503748	0.0012875499	1.4022995	210.46686	8.088567	0.9045496	0.011318755	2.0520618	34.003704	TARA_062_d5
-29.5	38.0	1045.854	2010-07-01	0.0028061161	0.0005673062	28.884563	0.0	192.30528	7.877332	0.01281529	2.0268726	34.343723	32.99103	TARA_064_d1000
-29.5	38.0	5.140361	2010-07-01	0.22519918	0.0003426853	0.030641839	6.451661	219.79575	8.104254	1.134828	0.023642048	2.0149403	32.99103	TARA_064_d5
-29.5	38.0	61.11284	2010-07-01	0.22983818	0.00034102687	0.04304792	7.2310724	219.60822	8.102287	1.130492	0.024941988	2.014309	32.99103	TARA_064_d60
-29.5	38.0	61.11284	2010-07-01	0.22983818	0.00034102687	0.04304792	7.2310724	219.60822	8.102287	1.130492	0.024941988	2.014309	32.99103	TARA_064_d65
-35.25	26.25	30.87456	2010-07-01	1.0378407	0.00043584182	1.3240114	23.808443	218.3964	8.091724	3.3447287	0.13524176	2.0274498	33.91477	TARA_065_d30
-35.25	26.25	5.140361	2010-07-01	1.1968174	0.0004341066	1.224789	35.172348	219.85718	8.094072	3.8966672	0.12622505	1.975863	33.91477	TARA_065_d5
-35.25	26.25	856.679	2010-07-01	0.0030570673	0.0006272731	29.005796	0.0	175.7879	7.87257	0.01325241	2.0552566	41.73324	33.91477	TARA_065_d850
-35.0	18.0	30.87456	2010-07-01	0.54644275	0.00019947012	3.4716678	11.524026	241.89792	8.110123	1.8216276	0.33514825	2.512438	32.53551	TARA_066_d30
-35.0	18.0	5.140361	2010-07-01	0.54951715	0.00019893763	3.4601636	11.500341	242.1585	8.111068	1.8347284	0.3342976	2.5062113	32.53551	TARA_066_d5
-32.25	17.25	5.140361	2010-09-01	0.58055425	0.00094009517	0.03964126	15.547552	255.99544	8.139898	3.595174	0.13823631	1.2246249	29.79875	TARA_067_d5
-31.0	4.5	5.140361	2010-09-01	0.16259699	9.501701e-06	2.5100138	2.694713	249.15456	8.092127	1.1810383	0.31520906	1.9590908	34.731377	TARA_068_d5
-31.0	4.5	47.21189	2010-09-01	0.16065854	9.430505e-06	2.511478	2.3142757	249.0151	8.09101	1.1403347	0.31532055	1.9587985	34.731377	TARA_068_d50
-31.0	4.5	697.2587	2010-09-01	0.0041104876	0.0006014586	25.934757	0.0	210.25316	7.9234576	0.014768119	1.826575	28.377466	34.731377	TARA_068_d700
-20.25	-3.5	5.140361	2010-10-01	0.14617917	0.00032475992	0.009266862	4.4423356	232.8354	8.078604	1.0820304	0.37342203	1.114155	36.12383	TARA_070_d5
-20.25	-3.5	773.3683	2010-10-01	0.0027900632	0.0006374173	34.00007	0.0	167.50385	7.83089	0.012787772	2.278315	33.884346	36.12383	TARA_070_d800
-9.25	-9.75	5.140361	2010-10-01	0.063718095	0.00014251315	0.0008513315	0.7237468	213.21092	8.07156	0.9285931	0.024739653	1.3679575	36.38204	TARA_071_d5
-8.75	-18.0	97.04131	2010-10-01	0.27691165	5.261943e-05	2.0489192	1.5494231	210.90767	8.047659	0.7429149	0.20163484	1.5889406	37.649715	TARA_072_d100
-8.75	-18.0	5.140361	2010-10-01	0.18062261	6.130643e-05	0.013494416	7.0966616	212.50496	8.059105	1.3151661	0.04371226	1.2758615	37.649715	TARA_072_d5
-8.75	-18.0	773.3683	2010-10-01	0.0027900813	0.00063989905	35.41081	0.0	142.37614	7.7919593	0.012787929	2.3249435	30.770742	37.649715	TARA_072_d800
-21.0	-35.25	147.4062	2010-10-01	0.17460023	5.3126485e-05	0.049685184	0.7320718	227.75098	8.06574	0.6720725	0.16597618	1.5651189	37.977715	TARA_076_d150
-21.0	-35.25	5.140361	2010-10-01	0.059196554	0.00016018475	0.0012341221	0.5573367	215.91446	8.065798	0.91099906	0.11008451	1.5601684	37.977715	TARA_076_d5
-21.0	-35.25	773.3683	2010-10-01	0.0028102566	0.0006338626	30.963598	0.0	196.0191	7.877113	0.012802099	2.1293006	36.173557	37.977715	TARA_076_d800
-30.25	-43.25	120.0	2010-11-01	0.098471865	0.00015105463	3.1524594	0.092824265	218.87746	8.079974	0.26400012	0.29491204	1.6976832	34.916607	TARA_078_d120
-30.25	-43.25	5.140361	2010-11-01	0.21170524	2.0089288e-05	0.30044323	7.7674894	235.06042	8.093311	1.71237	0.09509982	1.238926	34.916607	TARA_078_d5
-30.25	-43.25	773.3683	2010-11-01	0.0036650735	0.00062248536	26.128521	0.0	218.6712	7.9230237	0.013724792	1.8229495	24.27342	34.916607	TARA_078_d800
-40.75	-52.0	5.140361	2010-12-01	0.75594646	0.00021409555	1.9598509	36.82646	240.61423	8.081683	4.13641	0.2790518	1.6209762	35.907616	TARA_080_d5
-40.75	-52.0	86.92943	2010-12-01	0.1304482	0.0005823142	8.834937	0.16041131	226.06525	8.035714	0.35585088	0.7285046	6.879682	35.907616	TARA_080_d85
-44.5	-52.25	35.7402	2010-12-01	0.3248493	7.124509e-05	12.27845	5.435225	275.91907	8.053775	1.60539	1.0335484	8.125544	39.146095	TARA_081_d35
-44.5	-52.25	5.140361	2010-12-01	0.31758267	6.9933296e-05	11.732206	12.053002	269.00873	8.047184	2.1846251	0.9972234	7.523243	39.146095	TARA_081_d5
-47.25	-58.0	30.87456	2010-12-01	0.3051354	6.996492e-05	17.655905	6.1525707	296.1961	8.036967	1.9242039	1.3713578	13.7193775	40.0905	TARA_082_d30
-47.25	-58.0	41.18002	2010-12-01	0.34251162	7.381086e-05	18.115582	3.853074	303.4849	8.042683	1.6482759	1.3947443	14.45092	40.0905	TARA_082_d40
-47.25	-58.0	5.140361	2010-12-01	0.3045206	6.9956e-05	17.652073	9.14443	294.95905	8.035305	2.1312463	1.3699017	13.675562	40.0905	TARA_082_d5
-54.5	-65.0	5.140361	2010-12-01	1.7537757	0.00089542125	16.533049	15.78828	312.6458	8.066601	6.1706862	1.3309487	12.114988	36.46687	TARA_083_d5
-60.5	-60.5	5.140361	2011-01-01	0.305374	7.152404e-05	23.633858	5.7826767	333.2802	8.033881	1.9407427	1.7371786	29.304186	39.71444	TARA_084_d5
-62.25	-49.5	5.140361	2011-01-01	0.4156469	9.888924e-05	24.844324	6.0516295	351.90543	8.038513	2.3402088	1.8393933	69.78855	39.07213	TARA_085_d5
-62.25	-49.5	773.3683	2011-01-01	0.0071758786	0.0006574061	32.373596	0.0	278.34543	7.9438767	0.021834636	2.2665758	111.882484	39.07213	TARA_085_d790
-62.25	-49.5	86.92943	2011-01-01	0.11128895	0.00053841533	30.972136	0.037244536	277.34274	7.9606786	0.2636559	2.1825027	93.094635	39.07213	TARA_085_d90
-64.25	-53.0	35.7402	2011-01-01	0.39487237	0.00011005596	26.855232	1.8335471	363.4122	8.043771	1.4198605	1.9684237	87.68083	38.957985	TARA_086_d35
-64.25	-53.0	5.140361	2011-01-01	0.3370795	7.8805744e-05	25.1075	5.246778	354.77023	8.039373	2.1049755	1.8753635	82.24574	38.957985	TARA_086_d5
-63.75	-56.25	5.140361	2011-02-01	1.4785962	0.00045340252	7.088244	24.173855	344.36313	8.174091	7.1458793	0.7585208	10.05057	26.695724	TARA_087_d5
-63.5	-56.75	5.140361	2011-02-01	1.583134	0.0019357431	6.020732	27.989552	344.91898	8.207032	7.6403427	0.68800044	8.96029	24.657845	TARA_088_d5
-57.75	-67.5	5.140361	2011-02-01	0.31322974	7.0088376e-05	22.565847	5.176027	323.35114	8.034479	1.75573	1.6689999	24.327625	39.72354	TARA_089_d5
-39.5	-77.0	5.140361	2011-03-01	0.26466498	4.3245604e-05	6.299218	9.460731	249.1108	8.043246	1.7843455	0.64022964	1.2313688	39.081158	TARA_090_d5
-34.25	-73.0	5.140361	2011-03-01	1.2181656	0.00022649305	5.108123	35.738266	255.47348	7.9590597	5.722819	1.4167584	1.7885247	49.15583	TARA_091_d5
-33.75	-72.0	9.82275	2011-03-01	3.5917857	0.00127487	17.48514	118.94811	185.50768	7.7569976	14.734509	2.0654886	13.9881315	76.75583	TARA_092_d9
-33.75	-72.5	35.7402	2011-03-01	0.40462196	0.00035692065	17.452261	1.4200039	151.9901	7.8145127	1.083752	1.6416072	8.10509	56.164993	TARA_093_d35
-33.75	-72.5	5.140361	2011-03-01	2.1499357	0.00061415613	9.108259	72.42366	255.55792	7.90452	9.774222	1.6127888	4.0020423	56.164993	TARA_093_d5
-32.75	-87.0	5.140361	2011-03-01	0.052468143	1.5566538e-05	0.0002824322	0.19088796	226.28963	8.001087	0.8875215	0.14671133	1.0685828	43.759727	TARA_094_d5
-31.5	-94.0	5.140361	2011-04-01	0.054716907	4.6423713e-05	0.00025935398	0.2077113	222.78113	8.024819	1.0056905	0.08468428	1.1248754	41.484684	TARA_095_d5
-29.75	-101.25	147.4062	2011-04-01	0.08416583	3.454078e-05	0.006014586	0.22438297	239.79845	8.0899935	0.5117143	0.07693142	1.1314174	41.57353	TARA_096_d155
-29.75	-101.25	5.140361	2011-04-01	0.056200143	4.8927574e-05	0.00026326557	0.27165458	218.1434	8.024025	1.031257	0.06204279	1.1544584	41.57353	TARA_096_d5
-28.25	-107.75	180.5499	2011-04-01	0.14549766	4.295216e-05	0.12676977	0.21591704	230.54967	8.097354	0.4879816	0.077315874	1.1435252	40.88778	TARA_097_d175
-28.25	-107.75	300.8875	2011-04-01	0.022101367	0.0001601403	5.841318	0.00086749037	217.31027	8.046167	0.055746708	0.5019452	1.9937198	40.88778	TARA_097_d310
-28.25	-107.75	5.140361	2011-04-01	0.05608574	4.9279603e-05	0.00026178928	0.3269986	214.33269	8.03205	1.0197759	0.052687537	1.1685237	40.88778	TARA_097_d5
-26.25	-111.0	180.5499	2011-04-01	0.15959573	4.2775086e-05	0.19526516	0.25847414	227.55745	8.091334	0.50677043	0.08181447	1.1440152	41.642284	TARA_098_d180
-26.25	-111.0	180.5499	2011-04-01	0.15959573	4.2775086e-05	0.19526516	0.25847414	227.55745	8.091334	0.50677043	0.08181447	1.1440152	41.642284	TARA_098_d188
-26.25	-111.0	508.6399	2011-04-01	0.0044619953	0.00038030004	21.011786	0.0	230.29279	7.939615	0.013900533	1.4772376	6.6040883	41.642284	TARA_098_d488
-26.25	-111.0	5.140361	2011-04-01	0.05337502	4.317873e-05	0.00023994755	0.33381844	211.54655	8.027648	0.96516424	0.102876686	1.101883	41.642284	TARA_098_d5
-21.25	-104.75	5.140361	2011-04-01	0.143467	6.1027004e-06	0.05961906	3.918161	219.81816	8.037279	1.4132688	0.4469396	0.8458902	40.650017	TARA_099_d5
-13.25	-96.25	180.5499	2011-04-01	0.047592506	0.00017677821	13.767667	0.008299224	149.32225	7.903383	0.11178838	1.253034	6.8931594	41.13034	TARA_100_d177
-13.25	-96.25	5.140361	2011-04-01	0.19695221	1.5602292e-05	3.7837963	9.119215	211.95068	8.029998	1.6428856	0.6195702	0.585333	41.13034	TARA_100_d5
-13.25	-96.25	47.21189	2011-04-01	0.15856333	9.155864e-06	2.1925375	2.5827534	234.67047	8.049634	1.0285501	0.6104157	0.96480805	41.13034	TARA_100_d50
-5.25	-85.25	41.18002	2011-05-01	0.29938743	6.927982e-05	9.502084	8.696509	197.5191	7.9190884	1.2596931	1.0853237	2.3759818	45.44386	TARA_102_d40
-5.25	-85.25	457.6256	2011-05-01	0.002895242	0.0005161379	22.421558	0.0	1.0001552	7.528106	0.01278869	3.0372396	44.869053	45.44386	TARA_102_d480
-5.25	-85.25	5.140361	2011-05-01	0.21925676	2.590754e-05	3.2120159	12.3499155	211.6169	7.983496	1.6110643	0.57053393	1.0273075	45.44386	TARA_102_d5
0.0	-84.5	370.6885	2011-05-01	0.003019639	0.0006255783	34.955387	0.0	1.728583	7.548698	0.012861516	2.8403497	40.301327	44.097645	TARA_106_d380
0.0	-84.5	41.18002	2011-05-01	0.49905038	0.00012479274	9.805947	10.561587	176.2754	7.9430223	1.5747305	0.97097546	5.392634	44.097645	TARA_106_d40
0.0	-84.5	5.140361	2011-05-01	0.39961478	0.00011651504	2.8244464	28.816877	214.26704	7.993288	2.3354735	0.5009391	1.6337972	44.097645	TARA_106_d5
0.0	-84.5	47.21189	2011-05-01	0.58104074	0.00014840966	10.723967	9.2107525	169.08543	7.937306	1.6323605	1.0158391	5.990189	44.097645	TARA_106_d50
1.75	-84.5	30.87456	2011-05-01	0.22380142	2.9599169e-05	4.0203505	9.222848	211.35287	7.9661117	1.2958313	0.6054395	2.4260304	43.702328	TARA_109_d30
1.75	-84.5	370.6885	2011-05-01	0.0032081867	0.00060229684	30.881748	0.0	1.4248325	7.5442395	0.013092951	2.8617692	40.182575	43.702328	TARA_109_d380
1.75	-84.5	41.18002	2011-05-01	0.26259714	5.0024755e-05	6.5889277	8.02076	202.1827	7.956639	1.1728554	0.78920096	3.7815192	43.702328	TARA_109_d40
1.75	-84.5	5.140361	2011-05-01	0.23638421	3.241672e-05	1.8405035	15.920732	211.63731	7.9931984	1.7258219	0.42544445	1.2519711	43.702328	TARA_109_d5
-2.0	-84.5	370.6885	2011-06-01	0.0031371561	0.000593985	32.201366	0.0	1.1736846	7.5426846	0.01298589	2.9008608	41.609474	47.152412	TARA_110_d380
-2.0	-84.5	5.140361	2011-06-01	0.33917725	7.898131e-05	5.8766656	19.410698	215.3442	7.975795	1.8843769	0.7433485	2.408663	47.152412	TARA_110_d5
-2.0	-84.5	47.21189	2011-06-01	0.49445924	0.00017720579	11.041086	6.9037657	164.4792	7.9334683	1.3465644	1.0470575	5.373351	47.152412	TARA_110_d50
-17.0	-100.75	333.8628	2011-06-01	0.006499077	0.00038983248	24.08455	0.0	141.14099	7.8254466	0.016994467	1.7878728	15.370048	38.029728	TARA_111_d350
-17.0	-100.75	5.140361	2011-06-01	0.13665804	5.2176406e-06	1.570682	2.910296	222.87473	8.0615	1.2305566	0.5864945	0.84496444	38.029728	TARA_111_d5
-17.0	-100.75	86.92943	2011-06-01	0.15389062	9.929646e-06	2.26142	0.8638557	231.54414	8.054896	0.6810624	0.56932366	0.97770077	38.029728	TARA_111_d90
-23.25	-129.5	147.4062	2011-06-01	0.16354752	2.4738607e-05	0.03225065	0.527789	222.94499	8.092414	0.62733966	0.059319057	1.1410853	37.65451	TARA_112_d155
-23.25	-129.5	163.1645	2011-06-01	0.19042887	3.4578898e-05	0.24871106	0.41628766	220.94359	8.087967	0.58170706	0.07722679	1.1367881	37.65451	TARA_112_d165
-23.25	-129.5	163.1645	2011-06-01	0.19042887	3.4578898e-05	0.24871106	0.41628766	220.94359	8.087967	0.58170706	0.07722679	1.1367881	37.65451	TARA_112_d170
-23.25	-129.5	5.140361	2011-06-01	0.042413816	4.968616e-05	0.00046018054	0.2633946	212.3032	8.064791	0.6765508	0.09446535	1.1108454	37.65451	TARA_112_d5
-23.25	-129.5	697.2587	2011-06-01	0.0027806382	0.0005373403	31.570843	0.0	175.75732	7.831823	0.012729853	2.205796	23.985577	37.65451	TARA_112_d696
-23.0	-135.0	5.140361	2011-07-01	0.04898461	0.0001419117	0.00049950456	0.2945184	214.92624	8.082025	0.62785834	0.10192584	1.1031376	35.889336	TARA_113_d5
-23.25	-135.0	5.140361	2011-07-01	0.050833017	0.00011236376	0.00053449924	0.28229615	215.21625	8.082766	0.62379825	0.09673812	1.1059382	35.79861	TARA_114_d5
-23.25	-135.0	5.140361	2011-07-01	0.050833017	0.00011236376	0.00053449924	0.28229615	215.21625	8.082766	0.62379825	0.09673812	1.1059382	35.79861	TARA_115_d5
-23.25	-135.0	5.140361	2011-07-01	0.050833017	0.00011236376	0.00053449924	0.28229615	215.21625	8.082766	0.62379825	0.09673812	1.1059382	35.79861	TARA_116_d5
-23.25	-135.0	5.140361	2011-07-01	0.050833017	0.00011236376	0.00053449924	0.28229615	215.21625	8.082766	0.62379825	0.09673812	1.1059382	35.79861	TARA_117_d5
-23.25	-135.0	5.140361	2011-07-01	0.050833017	0.00011236376	0.00053449924	0.28229615	215.21625	8.082766	0.62379825	0.09673812	1.1059382	35.79861	TARA_118_d5
-23.0	-135.0	5.140361	2011-07-01	0.04898461	0.0001419117	0.00049950456	0.2945184	214.92624	8.082025	0.62785834	0.10192584	1.1031376	35.889336	TARA_119_d5
-23.0	-135.0	5.140361	2011-07-01	0.04898461	0.0001419117	0.00049950456	0.2945184	214.92624	8.082025	0.62785834	0.10192584	1.1031376	35.889336	TARA_120_d5
-23.0	-135.0	5.140361	2011-07-01	0.04898461	0.0001419117	0.00049950456	0.2945184	214.92624	8.082025	0.62785834	0.10192584	1.1031376	35.889336	TARA_121_d5
-9.0	-139.25	120.0	2011-08-01	0.22822562	3.113696e-05	4.959205	0.6593608	185.86537	8.001851	0.5990023	0.6884332	1.4392118	41.581673	TARA_122_d115
-9.0	-139.25	5.140361	2011-08-01	0.1737702	1.2340289e-05	3.350414	6.702784	207.93181	8.021544	1.3213636	0.5663406	1.8768468	41.581673	TARA_122_d5
-9.0	-139.25	628.026	2011-08-01	0.00277417	0.00065039075	37.310925	0.0	92.628174	7.721174	0.012714956	2.639305	49.584064	41.581673	TARA_122_d600
-9.0	-140.25	147.4062	2011-08-01	0.0966434	6.9220834e-05	5.3257256	0.050578028	179.76985	7.9920244	0.25017798	0.74304616	1.3038393	41.492443	TARA_123_d150
-9.0	-140.25	5.140361	2011-08-01	0.24517949	4.0219074e-05	3.2681873	11.916663	208.23419	8.022165	1.4829086	0.5610113	1.8439777	41.492443	TARA_123_d5
-9.0	-140.5	120.0	2011-08-01	0.19903544	3.6063517e-05	4.0098567	0.4500813	186.89209	8.015717	0.5189743	0.62750995	1.3520322	41.504017	TARA_124_d120
-9.0	-140.5	5.140361	2011-08-01	0.21572891	2.4274746e-05	3.2738492	9.5352	208.04239	8.022021	1.4011766	0.5610624	1.8387363	41.504017	TARA_124_d5
-9.0	-142.5	133.0758	2011-08-01	0.18723255	2.1981334e-05	3.1096342	0.3440909	190.85838	8.0292845	0.4956235	0.5767704	1.1046351	41.37301	TARA_125_d140
-9.0	-142.5	5.140361	2011-08-01	0.16993761	1.1326517e-05	3.2184217	6.712032	207.23524	8.023108	1.3409493	0.55476576	1.9124929	41.37301	TARA_125_d5
-12.0	-151.25	5.140361	2011-09-01	0.14142573	5.7719585e-06	1.9630893	5.1159024	207.0919	8.048053	1.4139563	0.45268342	1.7306736	38.72583	TARA_126_d5
-6.5	-152.5	97.04131	2011-09-01	0.21669607	2.8853083e-05	4.74701	1.788523	197.28365	7.9903007	0.7368773	0.6564839	2.2987733	44.04499	TARA_127_d100
-6.5	-152.5	5.140361	2011-09-01	0.19041754	1.806839e-05	4.0067477	8.778391	207.93988	8.001122	1.3962396	0.6156154	2.3925536	44.04499	TARA_127_d5
-0.5	-153.25	41.18002	2011-09-01	0.34198555	6.4295295e-05	6.7834024	15.920483	195.50732	7.964856	1.7359393	0.76390237	3.9258475	48.152523	TARA_128_d40
-0.5	-153.25	5.140361	2011-09-01	0.2865318	5.6036926e-05	6.4739437	13.833472	200.62277	7.967874	1.5270036	0.7495354	3.7988267	48.152523	TARA_128_d5
6.75	-153.0	5.140361	2011-09-01	0.1532012	8.214805e-06	2.131139	6.3818374	205.05598	8.025077	1.3530303	0.44379267	2.28188	40.247276	TARA_129_d5
6.75	-153.0	77.61116	2011-09-01	0.16589607	1.1203032e-05	2.616512	1.9300176	200.03287	8.011945	0.75503296	0.48946103	2.3150325	40.247276	TARA_129_d80
6.75	-153.0	86.92943	2011-09-01	0.21251334	1.6254686e-05	3.2588966	1.8487973	195.41179	8.005661	0.786791	0.5406345	2.4909332	40.247276	TARA_129_d85
11.25	-152.5	5.140361	2011-09-01	0.17355245	1.0302622e-05	1.1174661	7.659602	205.83769	8.0394745	1.4939458	0.39970353	1.9994817	38.740612	TARA_130_d5
22.75	-158.0	108.0303	2011-10-01	0.19437093	7.305934e-05	0.017691942	1.5756059	221.76276	8.074126	0.7713113	0.18471771	1.6975445	38.568645	TARA_131_d110
22.75	-158.0	5.140361	2011-10-01	0.08015137	0.0007197415	0.00040997125	1.3871539	208.55537	8.046574	1.204067	0.26220575	1.7089432	38.568645	TARA_131_d5
22.75	-158.0	773.3683	2011-10-01	0.0027711112	0.0007056339	42.636257	0.0	39.34768	7.5925493	0.012700921	3.0829408	95.67926	38.568645	TARA_131_d746
31.5	-159.0	120.0	2011-10-01	0.32029146	3.5083707e-05	5.6359277	0.9600977	251.68411	8.070968	0.8844939	0.46385798	3.8143222	42.321777	TARA_132_d115
31.5	-159.0	5.140361	2011-10-01	0.06596928	0.00010934758	0.0010380093	0.57858247	214.31912	8.0120535	1.1506712	0.030907638	2.3074462	42.321777	TARA_132_d5
31.5	-159.0	565.2923	2011-10-01	0.003657652	0.0006407718	28.405144	0.0	121.19144	7.8155813	0.013869265	2.0240116	58.130093	42.321777	TARA_132_d550
35.25	-127.75	47.21189	2011-11-01	0.16527535	1.0784124e-05	0.6787742	1.6478541	251.47946	8.034339	1.1023171	0.39285672	2.259948	38.238018	TARA_133_d45
35.25	-127.75	5.140361	2011-11-01	0.1681417	9.702804e-06	0.44302782	2.9522548	247.63004	8.039494	1.2526892	0.3877085	2.016127	38.238018	TARA_133_d5
35.25	-127.75	628.026	2011-11-01	0.0027696409	0.0006289026	42.974503	0.0	21.1645	7.537861	0.012693989	3.1909022	101.89313	38.238018	TARA_133_d650
32.75	-122.0	5.140361	2011-11-01	0.17961082	1.3541568e-05	1.7159553	3.841988	249.0106	8.044579	1.3779397	0.56138325	1.6623942	38.200645	TARA_134_d5
33.0	-121.75	30.87456	2011-11-01	0.18063815	1.3739813e-05	1.727966	3.7435644	249.48111	8.04389	1.3767099	0.56928885	1.6475317	38.178036	TARA_135_d30
33.0	-121.75	5.140361	2011-11-01	0.18131469	1.3791026e-05	1.71723	3.926335	249.3213	8.044929	1.3925817	0.5698739	1.6291038	38.178036	TARA_135_d5
33.0	-121.75	628.026	2011-11-01	0.002769615	0.0006519685	41.106544	0.0	16.38403	7.5501137	0.012693986	3.2074134	90.86647	38.178036	TARA_135_d650
17.0	-119.0	5.140361	2011-12-01	0.061506737	0.00010716351	0.0006562776	0.60053587	212.68169	8.052778	0.9606261	0.4189226	1.7070851	37.546814	TARA_136_d5
14.25	-116.75	370.6885	2011-12-01	0.002769509	0.00066213927	35.0408	0.0	1.5862945	7.5525203	0.012690427	2.9642274	49.008728	40.25798	TARA_137_d375
14.25	-116.75	41.18002	2011-12-01	0.25791335	4.8645135e-05	6.4293656	7.951979	170.68362	7.9323955	1.147715	0.925848	2.6652765	40.25798	TARA_137_d40
14.25	-116.75	5.140361	2011-12-01	0.1861521	1.42530325e-05	1.9914078	8.120451	208.50545	8.018566	1.5218308	0.5412347	1.610524	40.25798	TARA_137_d5
6.25	-103.0	457.6256	2011-12-01	0.002773455	0.00064310245	38.821804	0.0	11.051605	7.5612774	0.012693352	3.0041056	51.860893	37.36258	TARA_138_d450
6.25	-103.0	5.140361	2011-12-01	0.15839341	8.470363e-06	0.99169034	6.0083494	209.58707	8.042119	1.3961596	0.42886934	1.3803295	37.36258	TARA_138_d5
6.25	-103.0	61.11284	2011-12-01	0.46983528	8.2448285e-05	19.757725	3.6853287	90.66732	7.8077307	1.2528255	1.6467896	7.194866	37.36258	TARA_138_d60
6.5	-95.5	5.140361	2011-12-01	0.1742033	1.2994645e-05	1.9505404	7.939052	205.25777	8.016902	1.4687887	0.5499473	1.392779	40.183426	TARA_139_d5
7.5	-79.25	5.140361	2012-01-01	0.35782573	0.00071011926	0.8458116	36.611954	214.60983	8.037506	1.8390026	0.28053907	2.1023645	36.861687	TARA_140_d5
9.75	-80.0	5.140361	2012-01-01	0.09812366	0.0020281435	0.0037511108	2.904833	204.47826	8.060165	1.0526863	0.0005156827	6.116954	36.475143	TARA_141_d5
25.5	-88.5	120.0	2012-01-01	0.19158757	0.00069528475	6.5029416	0.28388172	170.97255	8.024005	0.49004593	0.43827167	3.1701446	33.285748	TARA_142_d125
25.5	-88.5	5.140361	2012-01-01	0.112594664	0.0008131931	0.0028625166	2.6381884	213.48137	8.101783	1.0045587	0.003974602	3.5705185	33.285748	TARA_142_d5
25.5	-88.5	628.026	2012-01-01	0.0028349105	0.00072348735	27.453455	0.0	164.9367	7.8299623	0.012726764	1.7775954	22.19167	33.285748	TARA_142_d640
30.0	-79.75	300.8875	2012-01-01	0.011658306	0.00087778794	19.005262	0.0	161.5143	7.966262	0.031870227	1.2420948	11.619411	33.860977	TARA_143_d300
30.0	-79.75	41.18002	2012-01-01	0.37171865	0.0011365573	0.117004596	13.388417	211.20827	8.090505	1.6626378	0.014963781	3.7846217	33.860977	TARA_143_d40
30.0	-79.75	5.140361	2012-01-01	0.3331805	0.0011566081	0.054635543	12.762951	211.84166	8.093901	1.7409815	0.008851297	3.8220437	33.860977	TARA_143_d5
36.25	-72.75	370.6885	2012-02-01	0.010546449	0.00077314157	13.031305	0.0	164.13739	7.953601	0.028850587	0.84335893	6.5116906	32.85128	TARA_144_d390
36.25	-72.75	5.140361	2012-02-01	0.64823544	0.0005912104	0.6703851	17.64504	217.2428	8.108837	2.1294963	0.05741922	2.4569237	32.85128	TARA_144_d5
39.25	-70.0	5.140361	2012-02-01	1.2916198	0.00072912534	1.9616128	25.609043	228.64914	8.135959	4.0148025	0.14932498	2.62066	30.577364	TARA_145_d5
39.25	-70.0	565.2923	2012-02-01	0.00442667	0.0007238735	19.761457	0.0	198.3972	7.976103	0.015220019	1.2717702	12.681349	30.577364	TARA_145_d590
34.75	-71.25	5.140361	2012-02-01	0.7560063	0.00061339914	1.6530743	14.405198	222.14339	8.116031	2.268101	0.13167292	2.3345187	32.323277	TARA_146_d5
34.75	-71.25	628.026	2012-02-01	0.00477244	0.0007326748	20.07237	0.0	183.25891	7.9703074	0.015820835	1.2893566	12.829306	32.323277	TARA_146_d640
33.0	-66.5	5.140361	2012-03-01	0.7175187	0.00047655462	1.2096204	24.649605	226.03833	8.109376	2.561504	0.100710176	1.9733225	32.96681	TARA_147_d5
31.75	-64.25	5.140361	2012-03-01	0.5427382	0.00037297342	0.40455696	18.821743	226.57925	8.117779	1.9878112	0.041960564	1.745931	32.136482	TARA_148_d5
34.0	-57.0	244.8906	2012-03-01	0.013935048	0.0007314543	9.43861	0.0	173.53294	8.000798	0.037487794	0.6159998	4.3671107	32.610874	TARA_148b_d250
34.0	-49.75	5.140361	2012-03-01	0.46891263	0.00015358043	0.5384417	14.674265	235.3315	8.120351	1.8422407	0.05200333	1.4918579	31.953772	TARA_149_d5
34.0	-49.75	773.3683	2012-03-01	0.0039704987	0.00066181726	18.80707	0.0	179.85097	7.9553375	0.013921455	1.1734418	10.995443	31.953772	TARA_149_d740
35.75	-37.0	41.18002	2012-03-01	0.15254255	5.6944293e-05	0.016869288	2.6558547	240.85757	8.107081	1.0763589	0.022042507	1.0502203	33.12111	TARA_150_d40
35.75	-37.0	5.140361	2012-03-01	0.15025033	5.7752273e-05	0.015547926	2.5703857	240.79474	8.107992	1.0819738	0.02182666	1.0499214	33.12111	TARA_150_d5
36.25	-28.75	5.140361	2012-03-01	0.04470103	0.00038223856	0.0017230047	0.17812617	241.67575	8.079459	0.62593997	0.025231212	1.0668967	35.93105	TARA_151_d5
36.25	-28.75	77.61116	2012-03-01	0.06695218	0.0002285688	0.0010838452	0.31215048	249.34796	8.0819	0.6125487	0.02859074	1.1336341	35.93105	TARA_151_d80
43.75	-16.75	26.5583	2012-04-01	0.3642355	9.306747e-05	2.824157	8.388396	265.66962	8.089406	1.6797783	0.2413023	1.6269647	34.783398	TARA_152_d25
43.75	-16.75	5.140361	2012-04-01	0.36603308	9.426585e-05	2.7983124	9.917173	265.31268	8.089058	1.7867808	0.23835003	1.6161546	34.783398	TARA_152_d5
43.75	-16.75	773.3683	2012-04-01	0.0058609084	0.00067418214	12.389986	0.0	188.3937	8.003669	0.016796095	0.77443093	5.9019465	34.783398	TARA_152_d800
43.75	-16.75	86.92943	2012-04-01	0.14079629	0.00015321244	4.389123	0.26314402	255.5023	8.075553	0.43166375	0.33569157	1.9545362	34.783398	TARA_152_d82
44.0	-16.5	97.04131	2012-04-01	0.15732186	0.00015514519	4.185692	1.2380023	256.829	8.078799	0.55067146	0.3221407	1.9334457	34.71563	TARA_153_d100
44.0	-16.5	26.5583	2012-04-01	0.40063688	0.00010515847	3.014146	8.345196	265.408	8.090104	1.7052814	0.25117657	1.6828439	34.71563	TARA_153_d25
54.5	-16.75	41.18002	2013-06-01	0.41362828	0.00018154558	4.7785945	2.1912868	274.37885	8.079145	1.357327	0.40021238	2.4270146	34.770035	TARA_155_d40
54.5	-16.75	5.140361	2013-06-01	0.7862484	0.0001374364	3.877563	19.80066	277.64526	8.087647	4.174974	0.3269574	1.831149	34.770035	TARA_155_d5
54.5	-16.75	773.3683	2013-06-01	0.0054318	0.0006956045	15.77329	0.0	214.60774	7.9868317	0.01716629	1.0241846	8.965905	34.770035	TARA_155_d751
67.25	0.25	26.5583	2013-06-01	0.3894186	9.515294e-05	5.391313	3.9736056	333.8472	8.062778	1.5898165	0.4434483	2.4727905	40.968006	TARA_158_d25
67.25	0.25	5.140361	2013-06-01	0.34804198	7.538038e-05	4.6029234	9.028497	304.16574	8.024211	2.3220556	0.3807823	2.0728202	40.968006	TARA_158_d5
67.25	0.25	628.026	2013-06-01	0.005118785	0.00067733036	12.781105	0.0	299.79657	8.053563	0.017483551	0.8914742	7.477797	40.968006	TARA_158_d651
76.0	1.75	508.6399	2013-06-01	0.011966487	0.00067830156	12.003887	0.0	300.4264	8.064072	0.04040952	0.8343885	6.42612	32.793488	TARA_163_d499
76.0	1.75	5.140361	2013-06-01	0.7144314	0.00019223105	5.7898164	10.225861	337.62115	8.104511	3.726428	0.46933848	2.8512394	32.793488	TARA_163_d5
72.5	44.25	41.18002	2013-07-01	0.40503073	0.0005764122	6.985167	0.88166547	337.64203	8.086785	1.0836991	0.56465226	3.8977692	38.50606	TARA_168_d40
72.5	44.25	5.140361	2013-07-01	0.26311398	0.000118800555	0.011975218	4.6597676	295.59494	8.049845	2.045622	0.09981628	0.56650776	38.50606	TARA_168_d5
72.5	44.25	53.85064	2013-07-01	0.17715408	0.0006807353	8.274155	0.20884821	331.49414	8.075915	0.45694008	0.63667214	4.748111	38.50606	TARA_168_d55
79.0	75.25	30.87456	2013-07-01	0.15304102	0.001153122	6.384147	0.30107	352.81485	8.106016	0.67837393	0.49981087	4.1895485	31.595957	TARA_173_d33
79.0	75.25	35.7402	2013-07-01	0.14487189	0.0011719002	6.770418	0.24220602	349.81284	8.105856	0.6132357	0.52699536	4.260931	31.595957	TARA_173_d35
79.0	75.25	5.140361	2013-07-01	0.18076168	0.0010583812	5.2207413	0.9580084	364.3221	8.108224	1.0523707	0.41484225	4.0587773	31.595957	TARA_173_d5
79.25	66.5	199.79	2013-07-01	0.013349284	0.0008347226	9.813178	0.00014532433	313.38312	8.073553	0.037817083	0.7233355	5.6240315	29.339527	TARA_175_d199
79.25	66.5	199.79	2013-07-01	0.013349284	0.0008347226	9.813178	0.00014532433	313.38312	8.073553	0.037817083	0.7233355	5.6240315	29.339527	TARA_175_d200
79.25	66.5	5.140361	2013-07-01	1.1907328	0.00037808937	3.03945	10.236916	388.2441	8.131575	6.0650477	0.29929963	4.7414117	29.339527	TARA_175_d5
79.25	66.5	53.85064	2013-07-01	0.13091327	0.0006444522	7.37078	0.061067283	349.30142	8.100659	0.42055717	0.5675049	5.2684283	29.339527	TARA_175_d55
77.25	73.25	5.140361	2013-07-01	0.8482674	0.0012679534	6.285563	13.46293	367.74323	8.139269	4.2776513	0.49069634	4.048681	29.743689	TARA_178_d5
75.25	75.5	30.87456	2013-08-01	0.4912281	0.0044272454	1.9183931	0.5895911	366.76602	8.02641	1.6285721	0.19265576	12.340611	36.20219	TARA_180_d30
75.25	75.5	35.7402	2013-08-01	0.35827962	0.0060554533	1.760135	0.31310695	360.2462	8.014178	1.2236682	0.23748925	13.360522	36.20219	TARA_180_d35
75.25	75.5	5.140361	2013-08-01	0.73220485	0.0018836496	1.4528383	2.7344341	371.68317	8.0105715	4.2233834	0.00062283274	24.702534	36.20219	TARA_180_d5
78.25	91.75	16.52532	2013-08-01	0.16228412	0.0022801817	5.9777393	0.16176519	354.3613	8.083829	0.8399473	0.49282038	4.451403	31.390593	TARA_188_d17
78.25	91.75	19.4298	2013-08-01	0.16358764	0.0027409904	6.021963	0.14742261	353.40536	8.081174	0.8120253	0.4975312	4.47438	31.390593	TARA_188_d18
78.25	91.75	19.4298	2013-08-01	0.16358764	0.0027409904	6.021963	0.14742261	353.40536	8.081174	0.8120253	0.4975312	4.47438	31.390593	TARA_188_d20
78.25	91.75	5.140361	2013-08-01	0.1341396	0.0015888095	5.634275	0.19369414	360.45538	8.109156	0.8009863	0.4594304	4.2110066	31.390593	TARA_188_d5
78.0	116.5	19.4298	2013-09-01	0.40149635	0.0012147189	4.120325	0.70742595	372.60873	8.073123	1.3190832	0.35916352	7.097756	34.688087	TARA_189_d20
78.0	116.5	300.8875	2013-09-01	0.017943053	0.001426738	8.20498	0.0	332.22617	8.064022	0.053252086	0.63106745	5.3328886	34.688087	TARA_189_d299
78.0	116.5	35.7402	2013-09-01	0.30522037	0.001205772	5.503231	0.1988302	360.13748	8.070159	0.9832798	0.45399252	5.9160366	34.688087	TARA_189_d35
78.0	116.5	5.140361	2013-09-01	0.8787505	0.0022540202	1.9578997	4.805294	379.21036	8.052555	3.192202	0.1859509	10.231125	34.688087	TARA_189_d5
71.5	161.0	5.140361	2013-09-01	1.740398	0.0037529976	0.10742387	12.408128	354.394	8.023588	6.202317	0.7408635	20.301025	36.83943	TARA_191_d5
71.0	175.0	5.140361	2013-09-01	1.05154	0.00094950316	4.270436	9.664713	376.41586	8.120389	4.634293	0.8123575	11.722603	30.375952	TARA_193_d5
73.25	-168.5	35.7402	2013-09-01	0.21997811	0.0014265289	10.476833	0.12283808	344.65485	8.007822	0.7734107	1.2969553	24.755865	30.768478	TARA_194_d35
73.25	-168.5	5.140361	2013-09-01	0.21563165	0.0009144777	9.676518	0.4701313	374.01913	8.118339	1.0064161	1.094387	16.016752	30.768478	TARA_194_d5
72.0	-155.0	5.140361	2013-09-01	1.562359	0.0018625994	3.365354	12.3256445	354.8294	8.112356	6.017538	0.78858346	10.79028	30.883928	TARA_196_d5
74.25	-85.75	35.7402	2013-10-01	0.22662088	0.0014086099	7.1847277	0.04527096	364.19168	8.043018	0.6523255	0.9388141	14.883025	32.31326	TARA_201_d35
74.25	-85.75	35.7402	2013-10-01	0.22662088	0.0014086099	7.1847277	0.04527096	364.19168	8.043018	0.6523255	0.9388141	14.883025	32.31326	TARA_201_d36
74.25	-85.75	457.6256	2013-10-01	0.00652987	0.0018150735	13.367094	0.0	264.24042	7.9515266	0.019006565	1.1427784	19.617174	32.31326	TARA_201_d441
74.25	-85.75	5.140361	2013-10-01	0.42676726	0.002615188	2.449472	0.73714894	389.4574	8.066982	1.4869428	0.7014777	10.353804	32.31326	TARA_201_d5
72.5	-72.0	508.6399	2013-10-01	0.0057757483	0.0008404105	13.574403	0.0	266.29385	7.9617352	0.017825803	1.1270524	17.93581	30.397005	TARA_205_d491
72.5	-72.0	5.140361	2013-10-01	0.5271547	0.00045146092	1.592719	1.9425915	369.96384	8.107755	1.9847245	0.4806137	4.8527484	30.397005	TARA_205_d5
71.0	-53.5	411.7939	2013-10-01	0.018879816	0.001437366	10.895367	0.0	290.3184	8.0457325	0.056698322	0.84291637	8.604541	28.423914	TARA_206_d411
71.0	-53.5	5.140361	2013-10-01	0.32053757	0.0021042898	1.0824226	2.3076365	327.04276	8.1538105	1.2179487	0.17811474	1.2054468	28.423914	TARA_206_d5
69.0	-51.5	5.140361	2013-11-01	0.150313	0.0017381762	4.144228	0.17808072	314.2878	8.132296	0.45162034	0.3736549	2.219894	30.272898	TARA_208_d5
64.75	-53.5	120.0	2013-11-01	0.051054876	0.0015698564	8.946092	0.0041017854	287.84415	8.047783	0.14691444	0.68299365	4.866523	31.711176	TARA_209_d351
64.75	-53.5	5.140361	2013-11-01	0.21292643	0.0013345291	5.3941126	0.661183	313.09564	8.115425	0.6753739	0.44308272	2.723879	31.711176	TARA_209_d5
61.5	-56.0	370.6885	2013-11-01	0.021404339	0.0007401835	13.835507	0.0	268.97488	8.030246	0.07073709	0.9327892	7.9781127	35.92661	TARA_210_d391
61.5	-56.0	5.140361	2013-11-01	0.21423179	0.00029158182	9.567047	0.54659796	295.7976	8.07113	0.65411323	0.6752432	4.456211	35.92661	TARA_210_d5
